spk	recording
SLC388-IPN389	2018-07-26-m
SLC388-OLF385	2018-07-26-c
SLC388-IPN389	2018-07-26-h
SLC388-IPN389	2018-07-26-j
ESP400-IPN389	2019-09-27-g
APG399-SLC388	2019-09-25-s
SLC388-OLF385	2018-07-26-a
ESP400-APG399	2019-09-26-u
ESP400-APG399	2019-09-27-h
ESP400-APG399	2019-09-26-v
SLC388-IPN389	2018-07-26-r
ESP400-APG399	2019-09-26-e
APG399-IPN389	2019-09-25-t
SLC388-IPN389	2018-07-26-e
ESP400-APG399	2019-09-26-x
SLC388-OLF385	2018-07-26-d
SLC388-IPN389	2018-07-26-k
ESP400-APG399	2019-09-25-h
SLC388-IPN389	2018-07-26-n
ESP400-APG399	2019-09-25-d
SLC388-IPN389	2018-07-26-q
ESP400-APG399	2019-09-26-f
ESP400-APG399	2019-09-26-d
SLC388-IPN389	2018-07-26-l
SLC388-IPN389	2018-07-26-o
ESP400-SLC388	2019-09-25-i
ESP400-APG399	2019-09-26-y
SLC388-IPN389	2018-07-26-p
SLC388-IPN389	2018-07-26-i
ESP400-APG399	2019-09-27-i
SLC388-OLF385	2018-07-26-b
SLC388-IPN389	2018-07-26-f
ESP400-APG399	2019-09-27-j
SLC388-IPN389	2018-07-26-g
IPN389-SLC388	2019-09-25-l
SLC388-APG399	2019-09-26-a
SLC388-ESP400	2019-09-26-q
SLC388-APG399	2019-09-26-l
IPN389-APG399	2019-09-25-e
IPN389-SLC388	2019-09-25-a
IPN389-SLC388	2019-09-25-k
SLC388-IPN389	2019-09-27-m
IPN389-APG399	2019-09-25-g
IPN389-ESP400	2019-09-25-q
IPN389-APG399	2019-09-26-n
IPN389-APG399	2019-09-27-k
SLC388-IPN389	2019-09-27-d
IPN389-ESP400	2019-09-25-r
IPN389-APG399	2019-09-25-b
SLC388-ESP400	2019-09-27-a
SLC388-IPN389	2019-09-26-z
SLC388-IPN389	2019-09-27-e
SLC388-IPN389	2019-09-27-l
SLC388-IPN389	2019-09-26-c
IPN389-SLC388	2019-09-25-f
SLC388-APG399	2019-09-26-m
IPN389-ESP400	2019-09-26-o
SLC388-ESP400	2019-09-27-c
IPN389-APG399	2019-09-26-w
SLC388-IPN389	2019-09-27-n
SLC388-IPN389	2019-09-27-f
ESP400-SLC388	2019-09-25-j
IPN389-APG399	2019-09-25-o
IPN389-APG399	2019-09-25-p
ESP400-SLC388	2019-09-25-c
SLC388-APG399	2019-09-26-b
SLC388-ESP400	2019-09-27-b
SLC388	2019-09-26-t
IPN389	2019-09-26-s
ESP400	2019-09-25-m
